Question,Top Match 1,Cosine Similarity 1,Top Match 2,Cosine Similarity 2,Generated Response
What is the plot of 'The Shawshank Redemption'?,"The Shawshank Redemption, released on 1994-09-23, is a ['Drama', 'Crime'] movie with a plot of: that is about Framed in the 1940s for the double murder of his wife and her lover, upstanding banker Andy Dufresne begins a new life at the Shawshank prison, where he puts his accounting skills to work for an amoral warden. During his long stretch in prison, Dufresne comes to be admired by the other inmates -- including an older prisoner named Red -- for his integrity and unquenchable sense of hope.. It has a popularity score of 69.056, assigned to the movie by TMDB based on user engagement. It generated 28341469.0 USD in revenue.",0.89057136,"24: Redemption, released on 2008-11-23, is a ['Action', 'Adventure', 'Crime'] movie with a plot of: that is about Former federal agent Jack Bauer confronts African dictator Benjamin Juma, whose forces have been ordered to capture the children Bauer oversees for malicious military training.. It has a popularity score of 12.735, assigned to the movie by TMDB based on user engagement. It generated an unknown amount in revenue.",0.8280723,"Andy Dufresne begins a new life at the Shawshank prison, where he puts his accounting skills to work for an amoral warden."
Which movie has the highest revenue?,"Everest, released on 2015-09-10, is a ['Adventure', 'Drama', 'History'] movie with a plot of: that is about Inspired by the incredible events surrounding a treacherous attempt to reach the summit of the world's highest mountain, ""Everest"" documents the awe-inspiring journey of two different expeditions challenged beyond their limits by one of the fiercest snowstorms ever encountered by mankind. Their mettle tested by the harshest of elements found on the planet, the climbers will face nearly impossible obstacles as a lifelong obsession becomes a breathtaking struggle for survival.. It has a popularity score of 24.865, assigned to the movie by TMDB based on user engagement. It generated 203427584.0 USD in revenue.",0.837667,"The Jewel of the Nile, released on 1985-08-01, is a ['Adventure', 'Action', 'Comedy', 'Romance'] movie with a plot of: that is about Joan Wilder is thrust back into a world of murder, chases, foreign intrigue... and love. This time out she's duped by a duplicitous Arab dignitary who brings her to the Middle East, ostensibly to write a book about his life. Of course, he's up to no good, and Joan is just another pawn in his wicked game. But Jack Colton and his sidekick Ralph show up to help our intrepid heroine save the day.. It has a popularity score of 20.581, assigned to the movie by TMDB based on user engagement. It generated 96773200.0 USD in revenue.",0.8376228,Top Match: Everest
Tell me about the movie released in 1994 with Tim Robbins.,"The Getaway, released on 1994-02-11, is a ['Action', 'Crime', 'Drama', 'Mystery', 'Romance', 'Thriller'] movie with a plot of: that is about Doc McCoy is put in prison because his partners chickened out and flew off without him after exchanging a prisoner with a lot of money. Doc knows Jack Benyon, a rich ""business""-man, is up to something big, so he tells his wife (Carol McCoy) to tell him that he's for sale if Benyon can get him out of prison. Benyon pulls some strings and Doc McCoy is released again. Unfortunately he has to cooperate with the same person that got him to prison.. It has a popularity score of 18.11, assigned to the movie by TMDB based on user engagement. It generated 30057974.0 USD in revenue.",0.84142804,"Annie, released on 1999-11-07, is a ['Music', 'Family', 'Comedy'] movie with a plot of: that is about Things seem pretty bad for a young girl living a ""hard-knock life"" in an orphanage. Fed up with the dastardly Miss Hannigan, Annie escapes the run-down orphanage determined to find her mom and dad. It's an adventure that takes her from the cold, mean streets of New York to the warm, comforting arms of bighearted billionaire Oliver Warbucks - with plenty of mischief and music in between.. It has a popularity score of 17.378, assigned to the movie by TMDB based on user engagement. It generated an unknown amount in revenue.",0.8377005,It has a popularity score of 18.11
What genre is 'Inception'?,"Inception, released on 2010-07-15, is a ['Action', 'Science Fiction', 'Adventure'] movie with a plot of: that is about Cobb, a skilled thief who commits corporate espionage by infiltrating the subconscious of his targets is offered a chance to regain his old life as payment for a task considered to be impossible: ""inception"", the implantation of another person's idea into a target's subconscious.. It has a popularity score of 84.012, assigned to the movie by TMDB based on user engagement. It generated 825532764.0 USD in revenue.",0.8674259,"Coma, released on 2019-11-19, is a ['Science Fiction', 'Adventure', 'Action'] movie with a plot of: that is about A young and talented architect comes to his senses after a horrific accident only to find himself in the odd dystopian world. A world that is filled with the memories of all current coma patients. Just like a human memory this world is fragmental, chaotic and unstable. This is COMA: icecaps, rivers and cities can all exist in a space of a single room and laws of physics are no longer laws as they can be bent.. It has a popularity score of 30.36, assigned to the movie by TMDB based on user engagement. It generated 2363584.0 USD in revenue.",0.8325106,science fiction
How much revenue did 'Avatar' generate?,"Avatar, released on 2009-12-15, is a ['Action', 'Adventure', 'Fantasy', 'Science Fiction'] movie with a plot of: that is about In the 22nd century, a paraplegic Marine is dispatched to the moon Pandora on a unique mission, but becomes torn between following orders and protecting an alien civilization.. It has a popularity score of 250.238, assigned to the movie by TMDB based on user engagement. It generated 2923706026.0 USD in revenue.",0.87930083,"Avatar: Creating the World of Pandora, released on 2010-02-07, is a ['Documentary'] movie with a plot of: that is about The Making-of James Cameron's Avatar. It shows interesting parts of the work on the set.. It has a popularity score of 43.246, assigned to the movie by TMDB based on user engagement. It generated an unknown amount in revenue.",0.86017,2923706026.0 USD
Describe a horror movie in the dataset.,"[REC], released on 2007-11-23, is a ['Horror', 'Mystery'] movie with a plot of: that is about A television reporter and cameraman follow emergency workers into a dark apartment building and are quickly locked inside with something terrifying.. It has a popularity score of 25.626, assigned to the movie by TMDB based on user engagement. It generated 32511655.0 USD in revenue.",0.858097,"Undeaducated, released on 2023-05-01, is a ['Horror'] movie with a plot of: that is about So, what might happen if you were stuck late at school when the zombie apocalypse happens? What's going on? Is this all part of some twisted experiment the professor is conducting on the kids? Did the crazy Cook do it? Will they see tomorrow? Well, that's the situation our group of high-schoolers find themselves in, in ""Undeaducated"".. It has a popularity score of 32.645, assigned to the movie by TMDB based on user engagement. It generated an unknown amount in revenue.",0.84464264,Top Match: [REC]
"Which movie was released first, 'Titanic' or 'The Matrix'?","The Matrix, released on 1999-03-30, is a ['Action', 'Science Fiction'] movie with a plot of: that is about Set in the 22nd century, The Matrix tells the story of a computer hacker who joins a group of underground insurgents fighting the vast and powerful computers who now rule the earth.. It has a popularity score of 66.73, assigned to the movie by TMDB based on user engagement. It generated 463517383.0 USD in revenue.",0.84918547,"Titanic, released on 1997-11-18, is a ['Drama', 'Romance'] movie with a plot of: that is about 101-year-old Rose DeWitt Bukater tells the story of her life aboard the Titanic, 84 years later. A young Rose boards the ship with her mother and fiancé. Meanwhile, Jack Dawson and Fabrizio De Rossi win third-class tickets aboard the ship. Rose tells the whole story from Titanic's departure through to its death—on its first and last voyage—on April 15, 1912.. It has a popularity score of 118.122, assigned to the movie by TMDB based on user engagement. It generated 2264162353.0 USD in revenue.",0.823379,The Matrix
What is the most popular animated movie?,"The Many Adventures of Winnie the Pooh, released on 1977-03-11, is a ['Animation', 'Family'] movie with a plot of: that is about Whether we’re young or forever young at heart, the Hundred Acre Wood calls to that place in each of us that still believes in magic. Join pals Pooh, Piglet, Kanga, Roo, Owl, Rabbit, Tigger and Christopher Robin as they enjoy their days together and sing their way through adventures.. It has a popularity score of 22.49, assigned to the movie by TMDB based on user engagement. It generated an unknown amount in revenue.",0.834901,"Winnie the Pooh, released on 2011-04-06, is a ['Animation', 'Family', 'Adventure'] movie with a plot of: that is about During an ordinary day in Hundred Acre Wood, Winnie the Pooh sets out to find some honey. Misinterpreting a note from Christopher Robin, Owl convinces Pooh, Tigger, Rabbit, Piglet, Kanga, Roo, and Eeyore that their young friend has been captured by a creature named ""Backson"" and they set out to rescue him.. It has a popularity score of 18.266, assigned to the movie by TMDB based on user engagement. It generated 14460000.0 USD in revenue.",0.83474976,Top Match: The Many Adventures of Winnie the Pooh
Give me the plot of 'The Super Mario Bros. Movie'.,"The Super Mario Bros. Movie, released on 2023-04-05, is a ['Animation', 'Family', 'Adventure', 'Fantasy', 'Comedy'] movie with a plot of: that is about While working underground to fix a water main, Brooklyn plumbers—and brothers—Mario and Luigi are transported down a mysterious pipe and wander into a magical new world. But when the brothers are separated, Mario embarks on an epic quest to find Luigi.. It has a popularity score of 3394.458, assigned to the movie by TMDB based on user engagement. It generated 1308766975.0 USD in revenue.",0.8710122,"Super Mario Bros., released on 1993-05-28, is a ['Adventure', 'Fantasy', 'Comedy', 'Family', 'Science Fiction'] movie with a plot of: that is about Mario and Luigi, plumbers from Brooklyn, find themselves in an alternate universe where evolved dinosaurs live in hi-tech squalor. They're the only hope to save our universe from invasion by the dino dictator, Koopa.. It has a popularity score of 35.011, assigned to the movie by TMDB based on user engagement. It generated 20915465.0 USD in revenue.",0.8702165,"The Super Mario Bros. Movie is a movie about a Brooklyn plumber who is working underground to fix a water main. The brothers are transported down a mysterious pipe and wander into a magical new world. But when the brothers are separated, Mario embarks on an epic quest to find Luigi."
Find a movie about space exploration.,"The Black Hole, released on 1979-12-18, is a ['Adventure', 'Family', 'Science Fiction', 'Action'] movie with a plot of: that is about The explorer craft USS Palomino is returning to Earth after a fruitless 18-month search for extra-terrestrial life when the crew comes upon a supposedly lost ship, the USS Cygnus, hovering near a black hole. The ship is controlled by Dr. Hans Reinhardt and his monstrous robot companion, but the initial wonderment and awe the Palomino crew feel for the ship and its resistance to the power of the black hole turn to horror as they uncover Reinhardt's plans.. It has a popularity score of 12.651, assigned to the movie by TMDB based on user engagement. It generated 35841901.0 USD in revenue.",0.8482971,"Spaceballs, released on 1987-06-24, is a ['Comedy', 'Science Fiction'] movie with a plot of: that is about When the nefarious Dark Helmet hatches a plan to snatch Princess Vespa and steal her planet's air, space-bum-for-hire Lone Starr and his clueless sidekick fly to the rescue. Along the way, they meet Yogurt, who puts Lone Starr wise to the power of ""The Schwartz."" Can he master it in time to save the day?. It has a popularity score of 22.799, assigned to the movie by TMDB based on user engagement. It generated 38119483.0 USD in revenue.",0.8463738,Top Match: The Black Hole is a science fiction film based on the novel of the same name by American writer and director Hans Reinhardt.
Which movie made the least revenue?,"Cutthroat Island, released on 1995-12-22, is a ['Action', 'Adventure'] movie with a plot of: that is about Morgan Adams and her slave, William Shaw, are on a quest to recover the three portions of a treasure map. Unfortunately, the final portion is held by her murderous uncle, Dawg. Her crew is skeptical of her leadership abilities, so she must complete her quest before they mutiny against her. This is made yet more difficult by the efforts of the British crown to end her pirate raids.. It has a popularity score of 13.156, assigned to the movie by TMDB based on user engagement. It generated 10017322.0 USD in revenue.",0.8276453,"The Jewel of the Nile, released on 1985-08-01, is a ['Adventure', 'Action', 'Comedy', 'Romance'] movie with a plot of: that is about Joan Wilder is thrust back into a world of murder, chases, foreign intrigue... and love. This time out she's duped by a duplicitous Arab dignitary who brings her to the Middle East, ostensibly to write a book about his life. Of course, he's up to no good, and Joan is just another pawn in his wicked game. But Jack Colton and his sidekick Ralph show up to help our intrepid heroine save the day.. It has a popularity score of 20.581, assigned to the movie by TMDB based on user engagement. It generated 96773200.0 USD in revenue.",0.82448673,Top Match: Cutthroat Island
What are some comedy movies released after 2010?,"Another Gay Movie, released on 2006-04-28, is a ['Comedy', 'Romance'] movie with a plot of: that is about In the dirtiest, funniest, most scandalous gay-teen-sex-comedy-parody ever, four young gay friends make a pact to lose their virginity by the end of the summer. The boys soon face giant sex toys, naked celebrities, masochistic teachers and an uncontrollable romance with a quiche.. It has a popularity score of 13.432, assigned to the movie by TMDB based on user engagement. It generated 745327.0 USD in revenue.",0.7952072,"10, released on 1979-10-05, is a ['Comedy', 'Romance'] movie with a plot of: that is about A Hollywood songwriter goes through a mid-life crisis and becomes infatuated with a sexy blonde newlywed.. It has a popularity score of 17.73, assigned to the movie by TMDB based on user engagement. It generated 74865517.0 USD in revenue.",0.79502743,Top Match: Another Gay Movie
Tell me about a movie with no known genre.,"All About the Little Things, released on 2023-06-15, is a movie with unknown genre(s) with a plot of: that is about The film takes place in one house, at an unspecified place, at an unspecified time. In this house, twelve dialogue stories take place and all have one thing in common - oppressive hopelessness. We witness everyday problems that become absurd under a distorted lens and become all the more real. The film follows with almost morbid interest the fates of people who, based on their actions and incompetence, are doomed. The question remains how far the characters from this ""house"" are.. It has a popularity score of 12.476, assigned to the movie by TMDB based on user engagement. It generated an unknown amount in revenue.",0.84253407,"Will You Be My Ex?, released on 2023-06-21, is a movie with unknown genre(s) with a plot of: that is about Meet Chris (Julia Barretto), a free-spirited and fun-loving woman from a family of artists and theater actors. Also, get to know Joey (Diego Loyzaga), a quiet, formal young man from a well-respected family. Though completely opposites, they meet and fall in love. However, as they plan for their future, fate interferes and gives them problems that are too hard to handle. Until they meet again a few years later and old feelings that never left begin to resurface again. Can they make it work this time? Or will their current lives hinder them from rekindling their past?. It has a popularity score of 22.638, assigned to the movie by TMDB based on user engagement. It generated an unknown amount in revenue.",0.83556867,Top Match: All About the Little Things
What’s the popularity score of 'The Dark Knight'?,"The Dark Knight, released on 2008-07-14, is a ['Drama', 'Action', 'Crime', 'Thriller'] movie with a plot of: that is about Batman raises the stakes in his war on crime. With the help of Lt. Jim Gordon and District Attorney Harvey Dent, Batman sets out to dismantle the remaining criminal organizations that plague the streets. The partnership proves to be effective, but they soon find themselves prey to a reign of chaos unleashed by a rising criminal mastermind known to the terrified citizens of Gotham as the Joker.. It has a popularity score of 82.74, assigned to the movie by TMDB based on user engagement. It generated 1004558444.0 USD in revenue.",0.87471014,"Batman: The Dark Knight Returns, Part 2, released on 2013-01-03, is a ['Science Fiction', 'Action', 'Animation', 'Mystery'] movie with a plot of: that is about Batman has stopped the reign of terror that The Mutants had cast upon his city.  Now an old foe wants a reunion and the government wants The Man of Steel to put a stop to Batman.. It has a popularity score of 20.442, assigned to the movie by TMDB based on user engagement. It generated an unknown amount in revenue.",0.8714531,82.74
Describe a movie with a missing release date.,"Failure to Launch, released on 2006-03-10, is a ['Comedy', 'Romance'] movie with a plot of: that is about Tripp, an attractive man in his thirties, is still living with his parents Al and Sue. Tripp's best friends Demo and Ace are also still living in their parents' homes and seem proud of it. Al and Sue are not happy, however, and are fascinated when friends whose adult son has recently moved away from home reveal they hired an expert to arrange the matter and couldn't be happier with the result.. It has a popularity score of 19.379, assigned to the movie by TMDB based on user engagement. It generated 128406887.0 USD in revenue.",0.84514934,"Extinction, released on 2015-08-07, is a ['Horror', 'Science Fiction'] movie with a plot of: that is about And suddenly, overnight, the world came to a halt. Two men, two survivors, one kid, and hatred that separates them. A place forgotten by everyone, including the creatures that inhabit the Earth... until now.. It has a popularity score of 13.077, assigned to the movie by TMDB based on user engagement. It generated an unknown amount in revenue.",0.84369135,"Top Match: Failure to Launch is a ['Comedy', 'Romance'] movie with a plot of ..."
Which movie has the longest title?,"The Longest Day, released on 1962-09-25, is a ['War', 'Action', 'Drama'] movie with a plot of: that is about The retelling of June 6, 1944, from the perspectives of the Germans, US, British, Canadians, and the Free French. Marshall Erwin Rommel, touring the defenses being established as part of the Reich's Atlantic Wall, notes to his officers that when the Allied invasion comes they must be stopped on the beach. ""For the Allies as well as the Germans, it will be the longest day"". It has a popularity score of 23.514, assigned to the movie by TMDB based on user engagement. It generated 50100000.0 USD in revenue.",0.8442347,"The Longest Ride, released on 2015-04-09, is a ['Drama', 'Romance'] movie with a plot of: that is about The lives of a young couple intertwine with a much older man as he reflects back on a lost love while he's trapped in an automobile crash.. It has a popularity score of 23.878, assigned to the movie by TMDB based on user engagement. It generated 63013281.0 USD in revenue.",0.81724775,Top Match: The Longest Day
Tell me about a musical movie.,"Music and Lyrics, released on 2007-02-09, is a ['Comedy', 'Music', 'Romance'] movie with a plot of: that is about A washed-up '80s pop star gets a chance at a comeback when reigning pop diva Cora Corman invites him to write & record a duet with her, but there's a problem--Alex hasn't written a song in years; he's never written lyrics and he has to come up with a hit in a matter of days.. It has a popularity score of 14.286, assigned to the movie by TMDB based on user engagement. It generated 145896422.0 USD in revenue.",0.83457196,"Taylor Mac's 24-Decade History of Popular Music, released on 2023-06-14, is a ['Documentary'] movie with a plot of: that is about This riotous concert film documents New York theater legend Taylor Mac's joyous, challenging, and ostentatiously queer 24-hour musical performance. Featuring virtuoso musicians, innovative costumes, and the American myth as told by sailor's ditties, disco, and sugary pop alike, Mac's cathartic celebration is not to be missed.. It has a popularity score of 29.278, assigned to the movie by TMDB based on user engagement. It generated an unknown amount in revenue.",0.8342564,"Top Match: Music and Lyrics is a musical film written and directed by Alex Corman. It has a popularity score of 14.286, assigned to the movie by TMDB based on user engagement."
Find a movie that mentions time travel.,"Back to the Future Part II, released on 1989-11-22, is a ['Adventure', 'Comedy', 'Science Fiction'] movie with a plot of: that is about Marty and Doc are at it again in this wacky sequel to the 1985 blockbuster as the time-traveling duo head to 2015 to nip some McFly family woes in the bud. But things go awry thanks to bully Biff Tannen and a pesky sports almanac. In a last-ditch attempt to set things straight, Marty finds himself bound for 1955 and face to face with his teenage parents -- again.. It has a popularity score of 36.569, assigned to the movie by TMDB based on user engagement. It generated 332000000.0 USD in revenue.",0.8407269,"The Time Machine, released on 1960-05-25, is a ['Thriller', 'Adventure', 'Fantasy', 'Science Fiction', 'Romance'] movie with a plot of: that is about A Victorian Englishman travels to the far future and finds that humanity has divided into two hostile species.. It has a popularity score of 18.238, assigned to the movie by TMDB based on user engagement. It generated an unknown amount in revenue.",0.83770263,Top Match: Back to the Future Part II is a science fiction film directed by John C. Scott and starring Marty and Doc.
What’s the earliest release date in the dataset?,"Ready or Not, released on 2019-08-21, is a ['Comedy', 'Horror', 'Thriller'] movie with a plot of: that is about A bride's wedding night takes a sinister turn when her eccentric new in-laws force her to take part in a terrifying game.. It has a popularity score of 34.555, assigned to the movie by TMDB based on user engagement. It generated 57615777.0 USD in revenue.",0.79830277,"Countdown, released on 2019-10-24, is a ['Horror', 'Thriller'] movie with a plot of: that is about A young nurse downloads an app that tells her she only has three days to live. With time ticking away and a mysterious figure haunting her, she must find a way to save her life before time runs out.. It has a popularity score of 22.289, assigned to the movie by TMDB based on user engagement. It generated 48021766.0 USD in revenue.",0.7954526,2019-08-21
Which movie has the highest popularity score?,"Rushmore, released on 1998-12-11, is a ['Comedy', 'Drama'] movie with a plot of: that is about When a beautiful first-grade teacher arrives at a prep school, she soon attracts the attention of an ambitious teenager named Max, who quickly falls in love with her. Max turns to the father of two of his schoolmates for advice on how to woo the teacher. However, the situation soon gets complicated when Max's new friend becomes involved with her, setting the two pals against one another in a war for her attention.. It has a popularity score of 14.059, assigned to the movie by TMDB based on user engagement. It generated 17096053.0 USD in revenue.",0.8440851,"The Best of Me, released on 2014-10-15, is a ['Drama', 'Romance'] movie with a plot of: that is about A pair of former high school sweethearts reunite after many years when they return to visit their small hometown.. It has a popularity score of 16.257, assigned to the movie by TMDB based on user engagement. It generated 35926213.0 USD in revenue.",0.8411819,Top Match: Rushmore
Describe a romance movie with high revenue.,"Romance, released on 1999-04-14, is a ['Drama', 'Romance'] movie with a plot of: that is about A young woman frustrated by her boyfriend's lack of interest in sexual activity becomes involved with multiple men.. It has a popularity score of 27.915, assigned to the movie by TMDB based on user engagement. It generated 1314053.0 USD in revenue.",0.8660698,"Enchanted, released on 2007-11-20, is a ['Comedy', 'Family', 'Fantasy', 'Romance'] movie with a plot of: that is about The beautiful princess Giselle is banished by an evil queen from her magical, musical animated land and finds herself in the gritty reality of the streets of modern-day Manhattan. Shocked by this strange new environment that doesn't operate on a ""happily ever after"" basis, Giselle is now adrift in a chaotic world badly in need of enchantment. But when Giselle begins to fall in love with a charmingly flawed divorce lawyer who has come to her aid - even though she is already promised to a perfect fairy tale prince back home - she has to wonder: Can a storybook view of romance survive in the real world?. It has a popularity score of 32.185, assigned to the movie by TMDB based on user engagement. It generated 340487652.0 USD in revenue.",0.86371934,"Top Match: Romance has a popularity score of 27.915, assigned to the movie by TMDB based on user engagement."
Find a documentary in the dataset.,"Return to Jurassic Park, released on 2011-02-05, is a ['Documentary', 'Action', 'Adventure', 'Thriller'] movie with a plot of: that is about A multi-part documentary about the making of the Jurassic Park trilogy. Each part walks through the making of part of one of the films, including the hurricane during the shooting of the first film, and how advances in CGI for Jurassic Park helped change the world of special effects forever. All interviews for these retrospective documentaries come with comments from Spielberg, Johnston, Neill, Dern, Goldblum, the effects crews, the child actors, and Peter Stormare. This documentary is broken into five parts: Dawn of a New Era (25 min) Making Prehistory (20 min), the Next Step in Evolution (15 min), and the Third Adventure (25 min), Finding the Lost World (28 min), and Something Survived (16 min).. It has a popularity score of 14.833, assigned to the movie by TMDB based on user engagement. It generated an unknown amount in revenue.",0.8103817,"О. А, released on 2023-06-12, is a ['Documentary'] movie with a plot of: that is about In this experimental film, satellite photos are intertwined with photos and videos on a familiar scale. The result is complex patterns that complement each other, regardless of whether they were shot at a distance of one meter or 35 thousand kilometers. These patterns bloom naturally or thanks to a person, they can argue and compete in beauty, freeze or change every second, be objective or dissolve in imaginary abstraction.. It has a popularity score of 14.76, assigned to the movie by TMDB based on user engagement. It generated an unknown amount in revenue.",0.8052855,Top Match: Return to Jurassic Park
Tell me about a movie with a futuristic plot.,"Back to the Future Part II, released on 1989-11-22, is a ['Adventure', 'Comedy', 'Science Fiction'] movie with a plot of: that is about Marty and Doc are at it again in this wacky sequel to the 1985 blockbuster as the time-traveling duo head to 2015 to nip some McFly family woes in the bud. But things go awry thanks to bully Biff Tannen and a pesky sports almanac. In a last-ditch attempt to set things straight, Marty finds himself bound for 1955 and face to face with his teenage parents -- again.. It has a popularity score of 36.569, assigned to the movie by TMDB based on user engagement. It generated 332000000.0 USD in revenue.",0.84311914,"The Time Machine, released on 1960-05-25, is a ['Thriller', 'Adventure', 'Fantasy', 'Science Fiction', 'Romance'] movie with a plot of: that is about A Victorian Englishman travels to the far future and finds that humanity has divided into two hostile species.. It has a popularity score of 18.238, assigned to the movie by TMDB based on user engagement. It generated an unknown amount in revenue.",0.838714,Top Match: Back to the Future Part II is a 1985 blockbuster. It has a popularity score of 36.569.
What movie has the word 'dragon' in the title?,"Dragon: The Bruce Lee Story, released on 1993-05-07, is a ['Drama', 'History', 'Action'] movie with a plot of: that is about This film is a glimpse into the life, love and the unconquerable spirit of the legendary Bruce Lee. From a childhood of rigorous martial arts training, Lee realizes his dream of opening his own kung-fu school in America. Before long, he is discovered by a Hollywood producer and begins a meteoric rise to fame and an all too short reign as one the most charismatic action heroes in cinema history.. It has a popularity score of 22.601, assigned to the movie by TMDB based on user engagement. It generated 63513743.0 USD in revenue.",0.86099494,"Dragon Hunters, released on 2008-03-19, is a ['Animation', 'Family'] movie with a plot of: that is about Dragon Hunters is a fantastic tale telling the adventures of two dragon hunters: the world has become a vast conglomerate of islands of varying size and shape. This babbling universe is mainly peopled with ruthless rogues, surly peasants and illiterate, petty lords Their main concerns revolve around two fundamental rules : Eat and don't get eaten.. It has a popularity score of 12.363, assigned to the movie by TMDB based on user engagement. It generated 12235843.0 USD in revenue.",0.85941136,Top Match: Dragon: The Bruce Lee Story
Describe a movie with no overview available.,"The Land Before Time VII: The Stone of Cold Fire, released on 2000-12-05, is a ['Adventure', 'Animation', 'Drama', 'Family'] movie with a plot of: that is about Littlefoot and his pals set off in search of a ""stone of cold fire"" that fell from the night sky. Since he's the only one who has seen it though, nobody really believes him. Petrie's uncle Pterano offers support only because he thinks the stone has secret powers and wants it for himself but conceals this from the rest. The young dinos must figure out the truth, before Pterano gets the power.. It has a popularity score of 13.862, assigned to the movie by TMDB based on user engagement. It generated an unknown amount in revenue.",0.8370875,"Nope, released on 2022-07-20, is a ['Horror', 'Mystery', 'Science Fiction'] movie with a plot of: that is about Residents in a lonely gulch of inland California bear witness to an uncanny, chilling discovery.. It has a popularity score of 76.608, assigned to the movie by TMDB based on user engagement. It generated 170823080.0 USD in revenue.",0.8360334,"Top Match: The Land Before Time VII: The Stone of Cold Fire is a ['Adventure', 'Animation', 'Drama', 'Family'] movie with a plot of ..."
Which movie has the smallest popularity score?,"All About the Little Things, released on 2023-06-15, is a movie with unknown genre(s) with a plot of: that is about The film takes place in one house, at an unspecified place, at an unspecified time. In this house, twelve dialogue stories take place and all have one thing in common - oppressive hopelessness. We witness everyday problems that become absurd under a distorted lens and become all the more real. The film follows with almost morbid interest the fates of people who, based on their actions and incompetence, are doomed. The question remains how far the characters from this ""house"" are.. It has a popularity score of 12.476, assigned to the movie by TMDB based on user engagement. It generated an unknown amount in revenue.",0.8420981,"Little, released on 2019-04-04, is a ['Comedy', 'Fantasy', 'Romance'] movie with a plot of: that is about Jordan Sanders, a take-no-prisoners tech mogul, wakes up one morning in the body of her 13-year-old self right before a do-or-die presentation. Her beleaguered assistant April is the only one in on the secret that her daily tormentor is now trapped in an awkward tween body, just as everything is on the line.. It has a popularity score of 13.768, assigned to the movie by TMDB based on user engagement. It generated 17399000.0 USD in revenue.",0.83923894,Top Match: All About the Little Things
What is the revenue of the oldest movie?,"The Jewel of the Nile, released on 1985-08-01, is a ['Adventure', 'Action', 'Comedy', 'Romance'] movie with a plot of: that is about Joan Wilder is thrust back into a world of murder, chases, foreign intrigue... and love. This time out she's duped by a duplicitous Arab dignitary who brings her to the Middle East, ostensibly to write a book about his life. Of course, he's up to no good, and Joan is just another pawn in his wicked game. But Jack Colton and his sidekick Ralph show up to help our intrepid heroine save the day.. It has a popularity score of 20.581, assigned to the movie by TMDB based on user engagement. It generated 96773200.0 USD in revenue.",0.8522153,"Old, released on 2021-07-21, is a ['Thriller', 'Mystery', 'Horror'] movie with a plot of: that is about A group of families on a tropical holiday discover that the secluded beach where they are staying is somehow causing them to age rapidly – reducing their entire lives into a single day.. It has a popularity score of 51.425, assigned to the movie by TMDB based on user engagement. It generated 90146510.0 USD in revenue.",0.8495687,96773200.0 USD
Tell me about a war movie in the dataset.,"WarGames, released on 1983-06-03, is a ['Thriller', 'Science Fiction', 'Drama'] movie with a plot of: that is about High School student David Lightman has a talent for hacking. But while trying to hack into a computer system to play unreleased video games, he unwittingly taps into the Defense Department's war computer and initiates a confrontation of global proportions. Together with his girlfriend and a wizardly computer genius, David must race against time to outwit his opponent and prevent a nuclear Armageddon.. It has a popularity score of 23.498, assigned to the movie by TMDB based on user engagement. It generated 124600000.0 USD in revenue.",0.8613206,"Stalingrad, released on 1993-01-20, is a ['Drama', 'History', 'War'] movie with a plot of: that is about ""Stalingrad"" follows the progress of a German Platoon through the brutal fighting of the Battle of Stalingrad. After having half their number wiped out and after being placed under the command of a sadistic Captain, the Lieutenant of the platoon leads his men to desert. The men of the platoon attempt to escape from the city which is now surrounded by the Soviet Army.. It has a popularity score of 20.052, assigned to the movie by TMDB based on user engagement. It generated 152972.0 USD in revenue.",0.8587197,Top Match: WarGames
Find a movie about artificial intelligence.,"A.I. Artificial Intelligence, released on 2001-06-29, is a ['Drama', 'Science Fiction', 'Adventure'] movie with a plot of: that is about David, a robotic boy—the first of his kind programmed to love—is adopted as a test case by a Cybertronics employee and his wife. Though he gradually becomes their child, a series of unexpected circumstances make this life impossible for David.. It has a popularity score of 27.86, assigned to the movie by TMDB based on user engagement. It generated 235926552.0 USD in revenue.",0.85870856,"Her, released on 2013-12-18, is a ['Romance', 'Science Fiction', 'Drama'] movie with a plot of: that is about In the not so distant future, Theodore, a lonely writer, purchases a newly developed operating system designed to meet the user's every need. To Theodore's surprise, a romantic relationship develops between him and his operating system. This unconventional love story blends science fiction and romance in a sweet tale that explores the nature of love and the ways that technology isolates and connects us all.. It has a popularity score of 32.28, assigned to the movie by TMDB based on user engagement. It generated 47351251.0 USD in revenue.",0.8550937,Top Match: A.I. Artificial Intelligence is a science fiction film based on the novel of the same name by TMDB.
Describe a movie that has both action and sci-fi genres.,"Tremors 2: Aftershocks, released on 1996-04-09, is a ['Action', 'Horror', 'Comedy', 'Science Fiction', 'Thriller'] movie with a plot of: that is about Those supersucking desert creatures are back --- and this time they're south of the border. As the creatures worm their way through the oil fields of Mexico, the only people who can wrangle them are veteran Earl Bassett and survivalist Burt Gummer. Add to that team a young punk out for cash and a fearless scientist, and the critters don't stand a chance.. It has a popularity score of 20.719, assigned to the movie by TMDB based on user engagement. It generated an unknown amount in revenue.",0.8339573,"Species II, released on 1998-04-10, is a ['Science Fiction', 'Action', 'Horror'] movie with a plot of: that is about Having just returned from a mission to Mars, Commander Ross isn't exactly himself. He's slowly becoming a terrifying alien entity with one goal -- to procreate with human women! When countless women suffer gruesome deaths after bearing half-alien offspring, scientist Laura Baker and hired assassin Press Lennox use Eve, a more tempered alien clone, to find Ross and his brood. Before long Eve escapes to mate with Ross.. It has a popularity score of 18.382, assigned to the movie by TMDB based on user engagement. It generated 19165560.0 USD in revenue.",0.8339528,Top Match: Tremors 2: Aftershocks
